Workbook

Sheet Instructions
A1: HonorVet Job Portal Performance Tracker — Automated Pipeline
A3: This file is auto-generated | B3: Every tab below is regenerated from data/history/*.csv each time the pipeline runs. Do not hand-edit this workbook — edits will be overwritten on the next run. To correct or add data, edit the raw exports / manual CSV inputs and re-run the pipeline (or push to GitHub, if Actions is set up).
A5: Weekly Input & Recruiter Activity | B5: Reflect the full accumulated history across every period the pipeline has processed, not just the latest one.
A7: Dashboard | B7: Always shows the most recent period, plus a trend chart across all periods once more than one exists.
A9: Cumulative vs. period figures | B9: Recruiter Activity values are this period's actual activity — for platforms whose raw export reports running totals (LinkedIn, Indeed, etc.), the pipeline has already subtracted the prior snapshot. Nothing here is a raw cumulative total.

Sheet Dashboard
A1: HonorVet — Job Portal Performance Dashboard
A2: Auto-updates from the pipeline. Always shows the most recent period logged.
A3: Period shown: | B3: =MAX('Weekly Input'!$A:$A) -> 46280
A5: TOTAL SPEND | D5: TOTAL SUBMISSIONS | G5: TOTAL INTERVIEWS | J5: TOTAL OFFERS
A6: =B27 -> 13797.055 | D6: =H27 -> 287 | G6: =I27 -> 37 | J6: =J27 -> 25
A9: OVERALL OFFER RATE | D9: AVG COST PER OFFER | G9: AVG RECRUITER UTILIZATION | J9: AVG VIEWS UTILIZATION
A10: =IFERROR(J27/H27,"-") -> 0.087108014 | D10: =K27 -> 551.8822 | G10: =IFERROR(AVERAGE(E14:E26),"-") -> 0.28985507 | J10: =IFERROR(AVERAGE(F14:F26),"-") -> 0.12491111
A12: Platform Performance — selected period
A13: Platform | B13: Cost ($) | C13: Active Recruiters | D13: Recruiters Assigned | E13: Active Recruiter % | F13: Views Utilization % | G13: Postings Utilization % | H13: Submissions | I13: Interviews | J13: Offers | K13: Cost / Offer | L13: Share of Total Offers
A14: ='Platform Settings'!A4 -> Vivian | B14: =SUMIFS('Weekly Input'!$C:$C,'Weekly Input'!$B:$B,A14,'Weekly Input'!$A:$A,$B$3) -> 3750 | C14: =SUMIFS('Weekly Input'!$E:$E,'Weekly Input'!$B:$B,A14,'Weekly Input'!$A:$A,$B$3) -> 28 | D14: =SUMIFS('Weekly Input'!$D:$D,'Weekly Input'!$B:$B,A14,'Weekly Input'!$A:$A,$B$3) -> 69 | E14: =IFERROR(C14/D14,"") -> 0.4057971 | F14: =IFERROR(SUMIFS('Weekly Input'!$G:$G,'Weekly Input'!$B:$B,A14,'Weekly Input'!$A:$A,$B$3)/SUMIFS('Weekly Input'!$H:$H,'Weekly Input'!$B:$B,A14,'Weekly Input'!$A:$A,$B$3),"N/A") -> N/A | G14: =IFERROR(SUMIFS('Weekly Input'!$J:$J,'Weekly Input'!$B:$B,A14,'Weekly Input'!$A:$A,$B$3)/SUMIFS('Weekly Input'!$K:$K,'Weekly Input'!$B:$B,A14,'Weekly Input'!$A:$A,$B$3),"N/A") -> N/A | H14: =SUMIFS('Weekly Input'!$P:$P,'Weekly Input'!$B:$B,A14,'Weekly Input'!$A:$A,$B$3) -> 37 | I14: =SUMIFS('Weekly Input'!$Q:$Q,'Weekly Input'!$B:$B,A14,'Weekly Input'!$A:$A,$B$3) -> 0 | J14: =SUMIFS('Weekly Input'!$R:$R,'Weekly Input'!$B:$B,A14,'Weekly Input'!$A:$A,$B$3) -> 9 | K14: =IFERROR(B14/J14,"") -> 416.66667 | L14: =IFERROR(J14/J$27,"") -> 0.36
A15: ='Platform Settings'!A5 -> Monster | B15: =SUMIFS('Weekly Input'!$C:$C,'Weekly Input'!$B:$B,A15,'Weekly Input'!$A:$A,$B$3) -> 1332.815 | C15: =SUMIFS('Weekly Input'!$E:$E,'Weekly Input'!$B:$B,A15,'Weekly Input'!$A:$A,$B$3) -> 0 | D15: =SUMIFS('Weekly Input'!$D:$D,'Weekly Input'!$B:$B,A15,'Weekly Input'!$A:$A,$B$3) -> 0 | E15: =IFERROR(C15/D15,"") | F15: =IFERROR(SUMIFS('Weekly Input'!$G:$G,'Weekly Input'!$B:$B,A15,'Weekly Input'!$A:$A,$B$3)/SUMIFS('Weekly Input'!$H:$H,'Weekly Input'!$B:$B,A15,'Weekly Input'!$A:$A,$B$3),"N/A") -> 0 | G15: =IFERROR(SUMIFS('Weekly Input'!$J:$J,'Weekly Input'!$B:$B,A15,'Weekly Input'!$A:$A,$B$3)/SUMIFS('Weekly Input'!$K:$K,'Weekly Input'!$B:$B,A15,'Weekly Input'!$A:$A,$B$3),"N/A") -> N/A | H15: =SUMIFS('Weekly Input'!$P:$P,'Weekly Input'!$B:$B,A15,'Weekly Input'!$A:$A,$B$3) -> 39 | I15: =SUMIFS('Weekly Input'!$Q:$Q,'Weekly Input'!$B:$B,A15,'Weekly Input'!$A:$A,$B$3) -> 4 | J15: =SUMIFS('Weekly Input'!$R:$R,'Weekly Input'!$B:$B,A15,'Weekly Input'!$A:$A,$B$3) -> 1 | K15: =IFERROR(B15/J15,"") -> 1332.815 | L15: =IFERROR(J15/J$27,"") -> 0.04
A16: ='Platform Settings'!A6 -> Indeed | B16: =SUMIFS('Weekly Input'!$C:$C,'Weekly Input'!$B:$B,A16,'Weekly Input'!$A:$A,$B$3) -> 1527.2 | C16: =SUMIFS('Weekly Input'!$E:$E,'Weekly Input'!$B:$B,A16,'Weekly Input'!$A:$A,$B$3) -> 0 | D16: =SUMIFS('Weekly Input'!$D:$D,'Weekly Input'!$B:$B,A16,'Weekly Input'!$A:$A,$B$3) -> 4 | E16: =IFERROR(C16/D16,"") -> 0 | F16: =IFERROR(SUMIFS('Weekly Input'!$G:$G,'Weekly Input'!$B:$B,A16,'Weekly Input'!$A:$A,$B$3)/SUMIFS('Weekly Input'!$H:$H,'Weekly Input'!$B:$B,A16,'Weekly Input'!$A:$A,$B$3),"N/A") -> N/A | G16: =IFERROR(SUMIFS('Weekly Input'!$J:$J,'Weekly Input'!$B:$B,A16,'Weekly Input'!$A:$A,$B$3)/SUMIFS('Weekly Input'!$K:$K,'Weekly Input'!$B:$B,A16,'Weekly Input'!$A:$A,$B$3),"N/A") -> N/A | H16: =SUMIFS('Weekly Input'!$P:$P,'Weekly Input'!$B:$B,A16,'Weekly Input'!$A:$A,$B$3) -> 33 | I16: =SUMIFS('Weekly Input'!$Q:$Q,'Weekly Input'!$B:$B,A16,'Weekly Input'!$A:$A,$B$3) -> 8 | J16: =SUMIFS('Weekly Input'!$R:$R,'Weekly Input'!$B:$B,A16,'Weekly Input'!$A:$A,$B$3) -> 2 | K16: =IFERROR(B16/J16,"") -> 763.6 | L16: =IFERROR(J16/J$27,"") -> 0.08
A17: ='Platform Settings'!A7 -> Job Diva | B17: =SUMIFS('Weekly Input'!$C:$C,'Weekly Input'!$B:$B,A17,'Weekly Input'!$A:$A,$B$3) -> 1075 | C17: =SUMIFS('Weekly Input'!$E:$E,'Weekly Input'!$B:$B,A17,'Weekly Input'!$A:$A,$B$3) -> 0 | D17: =SUMIFS('Weekly Input'!$D:$D,'Weekly Input'!$B:$B,A17,'Weekly Input'!$A:$A,$B$3) -> 0 | E17: =IFERROR(C17/D17,"") | F17: =IFERROR(SUMIFS('Weekly Input'!$G:$G,'Weekly Input'!$B:$B,A17,'Weekly Input'!$A:$A,$B$3)/SUMIFS('Weekly Input'!$H:$H,'Weekly Input'!$B:$B,A17,'Weekly Input'!$A:$A,$B$3),"N/A") -> N/A | G17: =IFERROR(SUMIFS('Weekly Input'!$J:$J,'Weekly Input'!$B:$B,A17,'Weekly Input'!$A:$A,$B$3)/SUMIFS('Weekly Input'!$K:$K,'Weekly Input'!$B:$B,A17,'Weekly Input'!$A:$A,$B$3),"N/A") -> N/A | H17: =SUMIFS('Weekly Input'!$P:$P,'Weekly Input'!$B:$B,A17,'Weekly Input'!$A:$A,$B$3) -> 88 | I17: =SUMIFS('Weekly Input'!$Q:$Q,'Weekly Input'!$B:$B,A17,'Weekly Input'!$A:$A,$B$3) -> 6 | J17: =SUMIFS('Weekly Input'!$R:$R,'Weekly Input'!$B:$B,A17,'Weekly Input'!$A:$A,$B$3) -> 8 | K17: =IFERROR(B17/J17,"") -> 134.375 | L17: =IFERROR(J17/J$27,"") -> 0.32
A18: ='Platform Settings'!A8 -> LinkedIn | B18: =SUMIFS('Weekly Input'!$C:$C,'Weekly Input'!$B:$B,A18,'Weekly Input'!$A:$A,$B$3) -> 2816 | C18: =SUMIFS('Weekly Input'!$E:$E,'Weekly Input'!$B:$B,A18,'Weekly Input'!$A:$A,$B$3) -> 0 | D18: =SUMIFS('Weekly Input'!$D:$D,'Weekly Input'!$B:$B,A18,'Weekly Input'!$A:$A,$B$3) -> 89 | E18: =IFERROR(C18/D18,"") -> 0 | F18: =IFERROR(SUMIFS('Weekly Input'!$G:$G,'Weekly Input'!$B:$B,A18,'Weekly Input'!$A:$A,$B$3)/SUMIFS('Weekly Input'!$H:$H,'Weekly Input'!$B:$B,A18,'Weekly Input'!$A:$A,$B$3),"N/A") -> N/A | G18: =IFERROR(SUMIFS('Weekly Input'!$J:$J,'Weekly Input'!$B:$B,A18,'Weekly Input'!$A:$A,$B$3)/SUMIFS('Weekly Input'!$K:$K,'Weekly Input'!$B:$B,A18,'Weekly Input'!$A:$A,$B$3),"N/A") -> N/A | H18: =SUMIFS('Weekly Input'!$P:$P,'Weekly Input'!$B:$B,A18,'Weekly Input'!$A:$A,$B$3) -> 37 | I18: =SUMIFS('Weekly Input'!$Q:$Q,'Weekly Input'!$B:$B,A18,'Weekly Input'!$A:$A,$B$3) -> 12 | J18: =SUMIFS('Weekly Input'!$R:$R,'Weekly Input'!$B:$B,A18,'Weekly Input'!$A:$A,$B$3) -> 0 | K18: =IFERROR(B18/J18,"") | L18: =IFERROR(J18/J$27,"") -> 0
A19: ='Platform Settings'!A9 -> CareerBuilder | B19: =SUMIFS('Weekly Input'!$C:$C,'Weekly Input'!$B:$B,A19,'Weekly Input'!$A:$A,$B$3) -> 968.5 | C19: =SUMIFS('Weekly Input'!$E:$E,'Weekly Input'!$B:$B,A19,'Weekly Input'!$A:$A,$B$3) -> 0 | D19: =SUMIFS('Weekly Input'!$D:$D,'Weekly Input'!$B:$B,A19,'Weekly Input'!$A:$A,$B$3) -> 0 | E19: =IFERROR(C19/D19,"") | F19: =IFERROR(SUMIFS('Weekly Input'!$G:$G,'Weekly Input'!$B:$B,A19,'Weekly Input'!$A:$A,$B$3)/SUMIFS('Weekly Input'!$H:$H,'Weekly Input'!$B:$B,A19,'Weekly Input'!$A:$A,$B$3),"N/A") -> N/A | G19: =IFERROR(SUMIFS('Weekly Input'!$J:$J,'Weekly Input'!$B:$B,A19,'Weekly Input'!$A:$A,$B$3)/SUMIFS('Weekly Input'!$K:$K,'Weekly Input'!$B:$B,A19,'Weekly Input'!$A:$A,$B$3),"N/A") -> N/A | H19: =SUMIFS('Weekly Input'!$P:$P,'Weekly Input'!$B:$B,A19,'Weekly Input'!$A:$A,$B$3) -> 19 | I19: =SUMIFS('Weekly Input'!$Q:$Q,'Weekly Input'!$B:$B,A19,'Weekly Input'!$A:$A,$B$3) -> 1 | J19: =SUMIFS('Weekly Input'!$R:$R,'Weekly Input'!$B:$B,A19,'Weekly Input'!$A:$A,$B$3) -> 1 | K19: =IFERROR(B19/J19,"") -> 968.5 | L19: =IFERROR(J19/J$27,"") -> 0.04
A20: ='Platform Settings'!A10 -> Resume-Library | B20: =SUMIFS('Weekly Input'!$C:$C,'Weekly Input'!$B:$B,A20,'Weekly Input'!$A:$A,$B$3) -> 125 | C20: =SUMIFS('Weekly Input'!$E:$E,'Weekly Input'!$B:$B,A20,'Weekly Input'!$A:$A,$B$3) -> 1 | D20: =SUMIFS('Weekly Input'!$D:$D,'Weekly Input'!$B:$B,A20,'Weekly Input'!$A:$A,$B$3) -> 3 | E20: =IFERROR(C20/D20,"") -> 0.33333333 | F20: =IFERROR(SUMIFS('Weekly Input'!$G:$G,'Weekly Input'!$B:$B,A20,'Weekly Input'!$A:$A,$B$3)/SUMIFS('Weekly Input'!$H:$H,'Weekly Input'!$B:$B,A20,'Weekly Input'!$A:$A,$B$3),"N/A") -> 0.49964444 | G20: =IFERROR(SUMIFS('Weekly Input'!$J:$J,'Weekly Input'!$B:$B,A20,'Weekly Input'!$A:$A,$B$3)/SUMIFS('Weekly Input'!$K:$K,'Weekly Input'!$B:$B,A20,'Weekly Input'!$A:$A,$B$3),"N/A") -> N/A | H20: =SUMIFS('Weekly Input'!$P:$P,'Weekly Input'!$B:$B,A20,'Weekly Input'!$A:$A,$B$3) -> 9 | I20: =SUMIFS('Weekly Input'!$Q:$Q,'Weekly Input'!$B:$B,A20,'Weekly Input'!$A:$A,$B$3) -> 3 | J20: =SUMIFS('Weekly Input'!$R:$R,'Weekly Input'!$B:$B,A20,'Weekly Input'!$A:$A,$B$3) -> 1 | K20: =IFERROR(B20/J20,"") -> 125 | L20: =IFERROR(J20/J$27,"") -> 0.04
A21: ='Platform Settings'!A11 -> Dice | B21: =SUMIFS('Weekly Input'!$C:$C,'Weekly Input'!$B:$B,A21,'Weekly Input'!$A:$A,$B$3) -> 869.225 | C21: =SUMIFS('Weekly Input'!$E:$E,'Weekly Input'!$B:$B,A21,'Weekly Input'!$A:$A,$B$3) -> 0 | D21: =SUMIFS('Weekly Input'!$D:$D,'Weekly Input'!$B:$B,A21,'Weekly Input'!$A:$A,$B$3) -> 0 | E21: =IFERROR(C21/D21,"") | F21: =IFERROR(SUMIFS('Weekly Input'!$G:$G,'Weekly Input'!$B:$B,A21,'Weekly Input'!$A:$A,$B$3)/SUMIFS('Weekly Input'!$H:$H,'Weekly Input'!$B:$B,A21,'Weekly Input'!$A:$A,$B$3),"N/A") -> 0 | G21: =IFERROR(SUMIFS('Weekly Input'!$J:$J,'Weekly Input'!$B:$B,A21,'Weekly Input'!$A:$A,$B$3)/SUMIFS('Weekly Input'!$K:$K,'Weekly Input'!$B:$B,A21,'Weekly Input'!$A:$A,$B$3),"N/A") -> N/A | H21: =SUMIFS('Weekly Input'!$P:$P,'Weekly Input'!$B:$B,A21,'Weekly Input'!$A:$A,$B$3) -> 10 | I21: =SUMIFS('Weekly Input'!$Q:$Q,'Weekly Input'!$B:$B,A21,'Weekly Input'!$A:$A,$B$3) -> 3 | J21: =SUMIFS('Weekly Input'!$R:$R,'Weekly Input'!$B:$B,A21,'Weekly Input'!$A:$A,$B$3) -> 0 | K21: =IFERROR(B21/J21,"") | L21: =IFERROR(J21/J$27,"") -> 0
A22: ='Platform Settings'!A12 -> Facebook | B22: =SUMIFS('Weekly Input'!$C:$C,'Weekly Input'!$B:$B,A22,'Weekly Input'!$A:$A,$B$3) -> 291.65 | C22: =SUMIFS('Weekly Input'!$E:$E,'Weekly Input'!$B:$B,A22,'Weekly Input'!$A:$A,$B$3) -> 0 | D22: =SUMIFS('Weekly Input'!$D:$D,'Weekly Input'!$B:$B,A22,'Weekly Input'!$A:$A,$B$3) -> 0 | E22: =IFERROR(C22/D22,"") | F22: =IFERROR(SUMIFS('Weekly Input'!$G:$G,'Weekly Input'!$B:$B,A22,'Weekly Input'!$A:$A,$B$3)/SUMIFS('Weekly Input'!$H:$H,'Weekly Input'!$B:$B,A22,'Weekly Input'!$A:$A,$B$3),"N/A") -> N/A | G22: =IFERROR(SUMIFS('Weekly Input'!$J:$J,'Weekly Input'!$B:$B,A22,'Weekly Input'!$A:$A,$B$3)/SUMIFS('Weekly Input'!$K:$K,'Weekly Input'!$B:$B,A22,'Weekly Input'!$A:$A,$B$3),"N/A") -> N/A | H22: =SUMIFS('Weekly Input'!$P:$P,'Weekly Input'!$B:$B,A22,'Weekly Input'!$A:$A,$B$3) -> 7 | I22: =SUMIFS('Weekly Input'!$Q:$Q,'Weekly Input'!$B:$B,A22,'Weekly Input'!$A:$A,$B$3) -> 0 | J22: =SUMIFS('Weekly Input'!$R:$R,'Weekly Input'!$B:$B,A22,'Weekly Input'!$A:$A,$B$3) -> 2 | K22: =IFERROR(B22/J22,"") -> 145.825 | L22: =IFERROR(J22/J$27,"") -> 0.08
A23: ='Platform Settings'!A13 -> DocCafe | B23: =SUMIFS('Weekly Input'!$C:$C,'Weekly Input'!$B:$B,A23,'Weekly Input'!$A:$A,$B$3) -> 791.665 | C23: =SUMIFS('Weekly Input'!$E:$E,'Weekly Input'!$B:$B,A23,'Weekly Input'!$A:$A,$B$3) -> 0 | D23: =SUMIFS('Weekly Input'!$D:$D,'Weekly Input'!$B:$B,A23,'Weekly Input'!$A:$A,$B$3) -> 3 | E23: =IFERROR(C23/D23,"") -> 0 | F23: =IFERROR(SUMIFS('Weekly Input'!$G:$G,'Weekly Input'!$B:$B,A23,'Weekly Input'!$A:$A,$B$3)/SUMIFS('Weekly Input'!$H:$H,'Weekly Input'!$B:$B,A23,'Weekly Input'!$A:$A,$B$3),"N/A") -> 0 | G23: =IFERROR(SUMIFS('Weekly Input'!$J:$J,'Weekly Input'!$B:$B,A23,'Weekly Input'!$A:$A,$B$3)/SUMIFS('Weekly Input'!$K:$K,'Weekly Input'!$B:$B,A23,'Weekly Input'!$A:$A,$B$3),"N/A") -> N/A | H23: =SUMIFS('Weekly Input'!$P:$P,'Weekly Input'!$B:$B,A23,'Weekly Input'!$A:$A,$B$3) -> 2 | I23: =SUMIFS('Weekly Input'!$Q:$Q,'Weekly Input'!$B:$B,A23,'Weekly Input'!$A:$A,$B$3) -> 0 | J23: =SUMIFS('Weekly Input'!$R:$R,'Weekly Input'!$B:$B,A23,'Weekly Input'!$A:$A,$B$3) -> 0 | K23: =IFERROR(B23/J23,"") | L23: =IFERROR(J23/J$27,"") -> 0
A24: ='Platform Settings'!A14 -> Zoominfo | B24: =SUMIFS('Weekly Input'!$C:$C,'Weekly Input'!$B:$B,A24,'Weekly Input'!$A:$A,$B$3) -> 0 | C24: =SUMIFS('Weekly Input'!$E:$E,'Weekly Input'!$B:$B,A24,'Weekly Input'!$A:$A,$B$3) -> 0 | D24: =SUMIFS('Weekly Input'!$D:$D,'Weekly Input'!$B:$B,A24,'Weekly Input'!$A:$A,$B$3) -> 0 | E24: =IFERROR(C24/D24,"") | F24: =IFERROR(SUMIFS('Weekly Input'!$G:$G,'Weekly Input'!$B:$B,A24,'Weekly Input'!$A:$A,$B$3)/SUMIFS('Weekly Input'!$H:$H,'Weekly Input'!$B:$B,A24,'Weekly Input'!$A:$A,$B$3),"N/A") -> N/A | G24: =IFERROR(SUMIFS('Weekly Input'!$J:$J,'Weekly Input'!$B:$B,A24,'Weekly Input'!$A:$A,$B$3)/SUMIFS('Weekly Input'!$K:$K,'Weekly Input'!$B:$B,A24,'Weekly Input'!$A:$A,$B$3),"N/A") -> N/A | H24: =SUMIFS('Weekly Input'!$P:$P,'Weekly Input'!$B:$B,A24,'Weekly Input'!$A:$A,$B$3) -> 0 | I24: =SUMIFS('Weekly Input'!$Q:$Q,'Weekly Input'!$B:$B,A24,'Weekly Input'!$A:$A,$B$3) -> 0 | J24: =SUMIFS('Weekly Input'!$R:$R,'Weekly Input'!$B:$B,A24,'Weekly Input'!$A:$A,$B$3) -> 0 | K24: =IFERROR(B24/J24,"") | L24: =IFERROR(J24/J$27,"") -> 0
A25: ='Platform Settings'!A15 -> SignalHire | B25: =SUMIFS('Weekly Input'!$C:$C,'Weekly Input'!$B:$B,A25,'Weekly Input'!$A:$A,$B$3) -> 0 | C25: =SUMIFS('Weekly Input'!$E:$E,'Weekly Input'!$B:$B,A25,'Weekly Input'!$A:$A,$B$3) -> 43 | D25: =SUMIFS('Weekly Input'!$D:$D,'Weekly Input'!$B:$B,A25,'Weekly Input'!$A:$A,$B$3) -> 43 | E25: =IFERROR(C25/D25,"") -> 1 | F25: =IFERROR(SUMIFS('Weekly Input'!$G:$G,'Weekly Input'!$B:$B,A25,'Weekly Input'!$A:$A,$B$3)/SUMIFS('Weekly Input'!$H:$H,'Weekly Input'!$B:$B,A25,'Weekly Input'!$A:$A,$B$3),"N/A") -> N/A | G25: =IFERROR(SUMIFS('Weekly Input'!$J:$J,'Weekly Input'!$B:$B,A25,'Weekly Input'!$A:$A,$B$3)/SUMIFS('Weekly Input'!$K:$K,'Weekly Input'!$B:$B,A25,'Weekly Input'!$A:$A,$B$3),"N/A") -> N/A | H25: =SUMIFS('Weekly Input'!$P:$P,'Weekly Input'!$B:$B,A25,'Weekly Input'!$A:$A,$B$3) -> 0 | I25: =SUMIFS('Weekly Input'!$Q:$Q,'Weekly Input'!$B:$B,A25,'Weekly Input'!$A:$A,$B$3) -> 0 | J25: =SUMIFS('Weekly Input'!$R:$R,'Weekly Input'!$B:$B,A25,'Weekly Input'!$A:$A,$B$3) -> 0 | K25: =IFERROR(B25/J25,"") | L25: =IFERROR(J25/J$27,"") -> 0
A26: ='Platform Settings'!A16 -> Referred | B26: =SUMIFS('Weekly Input'!$C:$C,'Weekly Input'!$B:$B,A26,'Weekly Input'!$A:$A,$B$3) -> 250 | C26: =SUMIFS('Weekly Input'!$E:$E,'Weekly Input'!$B:$B,A26,'Weekly Input'!$A:$A,$B$3) -> 0 | D26: =SUMIFS('Weekly Input'!$D:$D,'Weekly Input'!$B:$B,A26,'Weekly Input'!$A:$A,$B$3) -> 0 | E26: =IFERROR(C26/D26,"") | F26: =IFERROR(SUMIFS('Weekly Input'!$G:$G,'Weekly Input'!$B:$B,A26,'Weekly Input'!$A:$A,$B$3)/SUMIFS('Weekly Input'!$H:$H,'Weekly Input'!$B:$B,A26,'Weekly Input'!$A:$A,$B$3),"N/A") -> N/A | G26: =IFERROR(SUMIFS('Weekly Input'!$J:$J,'Weekly Input'!$B:$B,A26,'Weekly Input'!$A:$A,$B$3)/SUMIFS('Weekly Input'!$K:$K,'Weekly Input'!$B:$B,A26,'Weekly Input'!$A:$A,$B$3),"N/A") -> N/A | H26: =SUMIFS('Weekly Input'!$P:$P,'Weekly Input'!$B:$B,A26,'Weekly Input'!$A:$A,$B$3) -> 6 | I26: =SUMIFS('Weekly Input'!$Q:$Q,'Weekly Input'!$B:$B,A26,'Weekly Input'!$A:$A,$B$3) -> 0 | J26: =SUMIFS('Weekly Input'!$R:$R,'Weekly Input'!$B:$B,A26,'Weekly Input'!$A:$A,$B$3) -> 1 | K26: =IFERROR(B26/J26,"") -> 250 | L26: =IFERROR(J26/J$27,"") -> 0.04
A27: TOTAL | B27: =SUM(B14:B26) -> 13797.055 | C27: =SUM(C14:C26) -> 72 | D27: =SUM(D14:D26) -> 211 | E27: =IFERROR(C27/D27,"") -> 0.34123223 | H27: =SUM(H14:H26) -> 287 | I27: =SUM(I14:I26) -> 37 | J27: =SUM(J14:J26) -> 25 | K27: =IFERROR(B27/J27,"") -> 551.8822 | L27: =IFERROR(J27/J27,"") -> 1
A29: Trend by Period
A30: Period Ending | B30: Total Cost | C30: Total Submissions | D30: Total Interviews | E30: Total Offers
A31: 46280 | B31: =SUMIFS('Weekly Input'!$C:$C,'Weekly Input'!$A:$A,A31) -> 13797.055 | C31: =SUMIFS('Weekly Input'!$P:$P,'Weekly Input'!$A:$A,A31) -> 287 | D31: =SUMIFS('Weekly Input'!$Q:$Q,'Weekly Input'!$A:$A,A31) -> 37 | E31: =SUMIFS('Weekly Input'!$R:$R,'Weekly Input'!$A:$A,A31) -> 25
A33: Note: with only one period logged so far, the trend chart below will show a single point — it fills in automatically as the pipeline processes more weeks.

Sheet Platform Settings
A1: Platform Settings — reference data
A3: Platform | B3: Subscription Type | C3: Views/Unit Cap (value) | D3: Cap Period (Year/Month/Week) | E3: Daily Views/Unit Cap (auto) | F3: Postings Cap (concurrent, not prorated) | G3: Notes
A4: Vivian | B4: PREMIUM ELITE | E4: =IF(C4="","N/A",IF(D4="Year",C4/365,IF(D4="Month",C4*12/365,IF(D4="Week",C4/7,"N/A")))) -> N/A | F4: 175/week (proposals) | G4: Cap is 6 hires/month (free max) + 25 proposals/hour, 175/week — not a raw view limit.
A5: Monster | B5: ENTERPRISE | C5: 270000 | D5: Year | E5: =IF(C5="","N/A",IF(D5="Year",C5/365,IF(D5="Month",C5*12/365,IF(D5="Week",C5/7,"N/A")))) -> 739.72603 | F5: 35 | G5: Views cap = 270,000/year.
A6: Indeed | B6: BUDGET | E6: =IF(C6="","N/A",IF(D6="Year",C6/365,IF(D6="Month",C6*12/365,IF(D6="Week",C6/7,"N/A")))) -> N/A | F6: Unlimited | G6: Budget-based spend, not a fixed view cap.
A7: Job Diva | B7: ATS+DATABASE | E7: =IF(C7="","N/A",IF(D7="Year",C7/365,IF(D7="Month",C7*12/365,IF(D7="Week",C7/7,"N/A")))) -> N/A | F7: Internal DB (no limit) | G7: Own database; not a paid job board subscription.
A8: LinkedIn | B8: RECRUITER PRO | E8: =IF(C8="","N/A",IF(D8="Year",C8/365,IF(D8="Month",C8*12/365,IF(D8="Week",C8/7,"N/A")))) -> N/A | F8: 111 total (85 US) | G8: Posting cap is a contract-term allotment, not weekly — track cumulative postings used against it.
A9: CareerBuilder | B9: STANDARD | E9: =IF(C9="","N/A",IF(D9="Year",C9/365,IF(D9="Month",C9*12/365,IF(D9="Week",C9/7,"N/A")))) -> N/A | F9: 8 | G9: Merged with Monster account; no separate view cap.
A10: Resume-Library | B10: STANDARD | C10: 30000 | D10: Year | E10: =IF(C10="","N/A",IF(D10="Year",C10/365,IF(D10="Month",C10*12/365,IF(D10="Week",C10/7,"N/A")))) -> 82.191781 | F10: Unlimited | G10: Cap unit = unlocks/year.
A11: Dice | B11: STANDARD | C11: 50000 | D11: Year | E11: =IF(C11="","N/A",IF(D11="Year",C11/365,IF(D11="Month",C11*12/365,IF(D11="Week",C11/7,"N/A")))) -> 136.9863 | F11: 35 | G11: Views cap = 50,000/year.
A12: Facebook | B12: Paid Groups | E12: =IF(C12="","N/A",IF(D12="Year",C12/365,IF(D12="Month",C12*12/365,IF(D12="Week",C12/7,"N/A")))) -> N/A | F12: Unlimited | G12: 10-recruiter seat pack; no view cap.
A13: DocCafe | B13: STANDARD | C13: 375 | D13: Month | E13: =IF(C13="","N/A",IF(D13="Year",C13/365,IF(D13="Month",C13*12/365,IF(D13="Week",C13/7,"N/A")))) -> 12.328767 | F13: Unlimited | G13: 375 views/month; +5,000 mails/month tracked separately.
A14: Zoominfo | E14: =IF(C14="","N/A",IF(D14="Year",C14/365,IF(D14="Month",C14*12/365,IF(D14="Week",C14/7,"N/A")))) -> N/A | G14: No usage data received.
A15: SignalHire | E15: =IF(C15="","N/A",IF(D15="Year",C15/365,IF(D15="Month",C15*12/365,IF(D15="Week",C15/7,"N/A")))) -> N/A | G15: Recruiter click activity tracked in Recruiter Activity tab.
A16: Referred | B16: BONUS BASED | E16: =IF(C16="","N/A",IF(D16="Year",C16/365,IF(D16="Month",C16*12/365,IF(D16="Week",C16/7,"N/A")))) -> N/A | F16: Commission basis | G16: No subscription cost; pay-per-hire referral bonus.

Sheet Weekly Input
A1: Weekly Input — auto-populated from the pipeline; do not hand-edit
A3: Period Ending | B3: Platform | C3: Cost ($) | D3: Recruiters Assigned | E3: Active Recruiters | F3: Active Recruiter % | G3: Views Used (this period) | H3: Period Views Cap | I3: Views Utilization % | J3: Active Postings (current) | K3: Postings Cap | L3: Postings Utilization % | M3: Applications | N3: Contacts Made | O3: Responses Received | P3: Submissions | Q3: Interviews Scheduled | R3: Offers Made | S3: Cost / Submission | T3: Cost / Interview | U3: Cost / Offer | V3: Submission->Interview Rate | W3: Interview->Offer Rate | X3: Period Length (Days) | Y3: Notes
A4: 46280 | B4: DocCafe | C4: 791.665 | D4: 3 | E4: 0 | F4: =IFERROR(E4/D4,"") -> 0 | H4: =IFERROR(INDEX('Platform Settings'!$E:$E,MATCH(B4,'Platform Settings'!$A:$A,0))*X4,"N/A") -> 184.93151 | I4: =IF(ISNUMBER(H4),IFERROR(G4/H4,""),"N/A") -> 0 | K4: =IFERROR(INDEX('Platform Settings'!$F:$F,MATCH(B4,'Platform Settings'!$A:$A,0)),"N/A") -> Unlimited | L4: =IF(ISNUMBER(K4),IFERROR(J4/K4,""),"N/A") -> N/A | O4: 0 | P4: 2 | Q4: 0 | R4: 0 | S4: =IFERROR(C4/P4,"") -> 395.8325 | T4: =IFERROR(C4/Q4,"") | U4: =IFERROR(C4/R4,"") | V4: =IFERROR(Q4/P4,"") -> 0 | W4: =IFERROR(R4/Q4,"") | X4: 15 | Y4: Sheet5 (per-recruiter activity). No cost/submissions/interviews/offers in this export.
A5: 46280 | B5: Indeed | C5: 1527.2 | D5: 4 | E5: 0 | F5: =IFERROR(E5/D5,"") -> 0 | H5: =IFERROR(INDEX('Platform Settings'!$E:$E,MATCH(B5,'Platform Settings'!$A:$A,0))*X5,"N/A") -> N/A | I5: =IF(ISNUMBER(H5),IFERROR(G5/H5,""),"N/A") -> N/A | K5: =IFERROR(INDEX('Platform Settings'!$F:$F,MATCH(B5,'Platform Settings'!$A:$A,0)),"N/A") -> Unlimited | L5: =IF(ISNUMBER(K5),IFERROR(J5/K5,""),"N/A") -> N/A | P5: 33 | Q5: 8 | R5: 2 | S5: =IFERROR(C5/P5,"") -> 46.278788 | T5: =IFERROR(C5/Q5,"") -> 190.9 | U5: =IFERROR(C5/R5,"") -> 763.6 | V5: =IFERROR(Q5/P5,"") -> 0.24242424 | W5: =IFERROR(R5/Q5,"") -> 0.25 | X5: 15 | Y5: Sheet9 (per-recruiter sourcing usage). Cost/submissions/interviews/offers not in this export.
A6: 46280 | B6: LinkedIn | C6: 2816 | D6: 89 | E6: 0 | F6: =IFERROR(E6/D6,"") -> 0 | H6: =IFERROR(INDEX('Platform Settings'!$E:$E,MATCH(B6,'Platform Settings'!$A:$A,0))*X6,"N/A") -> N/A | I6: =IF(ISNUMBER(H6),IFERROR(G6/H6,""),"N/A") -> N/A | K6: =IFERROR(INDEX('Platform Settings'!$F:$F,MATCH(B6,'Platform Settings'!$A:$A,0)),"N/A") -> 111 total (85 US) | L6: =IF(ISNUMBER(K6),IFERROR(J6/K6,""),"N/A") -> N/A | P6: 37 | Q6: 12 | R6: 0 | S6: =IFERROR(C6/P6,"") -> 76.108108 | T6: =IFERROR(C6/Q6,"") -> 234.66667 | U6: =IFERROR(C6/R6,"") | V6: =IFERROR(Q6/P6,"") -> 0.32432432 | W6: =IFERROR(R6/Q6,"") -> 0 | X6: 15 | Y6: Usage Details tab. Figures are cumulative since contract start; pipeline computes period deltas.
A7: 46280 | B7: Monster | C7: 1332.815 | D7: 0 | E7: 0 | F7: =IFERROR(E7/D7,"") | H7: =IFERROR(INDEX('Platform Settings'!$E:$E,MATCH(B7,'Platform Settings'!$A:$A,0))*X7,"N/A") -> 11095.89 | I7: =IF(ISNUMBER(H7),IFERROR(G7/H7,""),"N/A") -> 0 | J7: 35 | K7: =IFERROR(INDEX('Platform Settings'!$F:$F,MATCH(B7,'Platform Settings'!$A:$A,0)),"N/A") -> 35 | L7: =IF(ISNUMBER(K7),IFERROR(J7/K7,""),"N/A") -> N/A | P7: 39 | Q7: 4 | R7: 1 | S7: =IFERROR(C7/P7,"") -> 34.174744 | T7: =IFERROR(C7/Q7,"") -> 333.20375 | U7: =IFERROR(C7/R7,"") -> 1332.815 | V7: =IFERROR(Q7/P7,"") -> 0.1025641 | W7: =IFERROR(R7/Q7,"") -> 0.25 | X7: 15 | Y7: No per-recruiter activity in this export (roster only). Credit usage is cumulative for the current subscription term.
A8: 46280 | B8: Resume-Library | C8: 125 | D8: 3 | E8: 1 | F8: =IFERROR(E8/D8,"") -> 0.33333333 | G8: 616 | H8: =IFERROR(INDEX('Platform Settings'!$E:$E,MATCH(B8,'Platform Settings'!$A:$A,0))*X8,"N/A") -> 1232.8767 | I8: =IF(ISNUMBER(H8),IFERROR(G8/H8,""),"N/A") -> 0.49964444 | K8: =IFERROR(INDEX('Platform Settings'!$F:$F,MATCH(B8,'Platform Settings'!$A:$A,0)),"N/A") -> Unlimited | L8: =IF(ISNUMBER(K8),IFERROR(J8/K8,""),"N/A") -> N/A | N8: 431 | O8: 0 | P8: 9 | Q8: 3 | R8: 1 | S8: =IFERROR(C8/P8,"") -> 13.888889 | T8: =IFERROR(C8/Q8,"") -> 41.666667 | U8: =IFERROR(C8/R8,"") -> 125 | V8: =IFERROR(Q8/P8,"") -> 0.33333333 | W8: =IFERROR(R8/Q8,"") -> 0.33333333 | X8: 15 | Y8: Monthly Report tab, most recent month block found: August.
A9: 46280 | B9: SignalHire | D9: 43 | E9: 43 | F9: =IFERROR(E9/D9,"") -> 1 | G9: 0 | H9: =IFERROR(INDEX('Platform Settings'!$E:$E,MATCH(B9,'Platform Settings'!$A:$A,0))*X9,"N/A") -> N/A | I9: =IF(ISNUMBER(H9),IFERROR(G9/H9,""),"N/A") -> N/A | K9: =IFERROR(INDEX('Platform Settings'!$F:$F,MATCH(B9,'Platform Settings'!$A:$A,0)),"N/A") -> 0 | L9: =IF(ISNUMBER(K9),IFERROR(J9/K9,""),"N/A") -> N/A | N9: 2728 | O9: 2180 | S9: =IFERROR(C9/P9,"") | T9: =IFERROR(C9/Q9,"") | U9: =IFERROR(C9/R9,"") | V9: =IFERROR(Q9/P9,"") | W9: =IFERROR(R9/Q9,"") | X9: 15 | Y9: Most recent monthly column found across account sheets: September 2026.
A10: 46280 | B10: Vivian | C10: 3750 | D10: 69 | E10: 28 | F10: =IFERROR(E10/D10,"") -> 0.4057971 | G10: 0 | H10: =IFERROR(INDEX('Platform Settings'!$E:$E,MATCH(B10,'Platform Settings'!$A:$A,0))*X10,"N/A") -> N/A | I10: =IF(ISNUMBER(H10),IFERROR(G10/H10,""),"N/A") -> N/A | J10: 856 | K10: =IFERROR(INDEX('Platform Settings'!$F:$F,MATCH(B10,'Platform Settings'!$A:$A,0)),"N/A") -> 175/week (proposals) | L10: =IF(ISNUMBER(K10),IFERROR(J10/K10,""),"N/A") -> N/A | N10: 660 | O10: 0 | P10: 37 | Q10: 0 | R10: 9 | S10: =IFERROR(C10/P10,"") -> 101.35135 | T10: =IFERROR(C10/Q10,"") | U10: =IFERROR(C10/R10,"") -> 416.66667 | V10: =IFERROR(Q10/P10,"") -> 0 | W10: =IFERROR(R10/Q10,"") | X10: 15 | Y10: Active Recruiters in Vivian tab (weekly proposal usage) + Active Jobs tab (current posting count).
A11: 46280 | B11: Job Diva | C11: 1075 | F11: =IFERROR(E11/D11,"") | H11: =IFERROR(INDEX('Platform Settings'!$E:$E,MATCH(B11,'Platform Settings'!$A:$A,0))*X11,"N/A") -> N/A | I11: =IF(ISNUMBER(H11),IFERROR(G11/H11,""),"N/A") -> N/A | K11: =IFERROR(INDEX('Platform Settings'!$F:$F,MATCH(B11,'Platform Settings'!$A:$A,0)),"N/A") -> Internal DB (no limit) | L11: =IF(ISNUMBER(K11),IFERROR(J11/K11,""),"N/A") -> N/A | P11: 88 | Q11: 6 | R11: 8 | S11: =IFERROR(C11/P11,"") -> 12.215909 | T11: =IFERROR(C11/Q11,"") -> 179.16667 | U11: =IFERROR(C11/R11,"") -> 134.375 | V11: =IFERROR(Q11/P11,"") -> 0.068181818 | W11: =IFERROR(R11/Q11,"") -> 1.3333333 | X11: 15 | Y11: No raw export parsed for this platform this period.
A12: 46280 | B12: CareerBuilder | C12: 968.5 | F12: =IFERROR(E12/D12,"") | H12: =IFERROR(INDEX('Platform Settings'!$E:$E,MATCH(B12,'Platform Settings'!$A:$A,0))*X12,"N/A") -> N/A | I12: =IF(ISNUMBER(H12),IFERROR(G12/H12,""),"N/A") -> N/A | J12: 8 | K12: =IFERROR(INDEX('Platform Settings'!$F:$F,MATCH(B12,'Platform Settings'!$A:$A,0)),"N/A") -> 8 | L12: =IF(ISNUMBER(K12),IFERROR(J12/K12,""),"N/A") -> N/A | P12: 19 | Q12: 1 | R12: 1 | S12: =IFERROR(C12/P12,"") -> 50.973684 | T12: =IFERROR(C12/Q12,"") -> 968.5 | U12: =IFERROR(C12/R12,"") -> 968.5 | V12: =IFERROR(Q12/P12,"") -> 0.052631579 | W12: =IFERROR(R12/Q12,"") -> 1 | X12: 15 | Y12: No raw export parsed for this platform this period.
A13: 46280 | B13: Dice | C13: 869.225 | F13: =IFERROR(E13/D13,"") | H13: =IFERROR(INDEX('Platform Settings'!$E:$E,MATCH(B13,'Platform Settings'!$A:$A,0))*X13,"N/A") -> 2054.7945 | I13: =IF(ISNUMBER(H13),IFERROR(G13/H13,""),"N/A") -> 0 | J13: 35 | K13: =IFERROR(INDEX('Platform Settings'!$F:$F,MATCH(B13,'Platform Settings'!$A:$A,0)),"N/A") -> 35 | L13: =IF(ISNUMBER(K13),IFERROR(J13/K13,""),"N/A") -> N/A | P13: 10 | Q13: 3 | R13: 0 | S13: =IFERROR(C13/P13,"") -> 86.9225 | T13: =IFERROR(C13/Q13,"") -> 289.74167 | U13: =IFERROR(C13/R13,"") | V13: =IFERROR(Q13/P13,"") -> 0.3 | W13: =IFERROR(R13/Q13,"") -> 0 | X13: 15 | Y13: No raw export parsed for this platform this period.
A14: 46280 | B14: Facebook | C14: 291.65 | F14: =IFERROR(E14/D14,"") | H14: =IFERROR(INDEX('Platform Settings'!$E:$E,MATCH(B14,'Platform Settings'!$A:$A,0))*X14,"N/A") -> N/A | I14: =IF(ISNUMBER(H14),IFERROR(G14/H14,""),"N/A") -> N/A | K14: =IFERROR(INDEX('Platform Settings'!$F:$F,MATCH(B14,'Platform Settings'!$A:$A,0)),"N/A") -> Unlimited | L14: =IF(ISNUMBER(K14),IFERROR(J14/K14,""),"N/A") -> N/A | P14: 7 | R14: 2 | S14: =IFERROR(C14/P14,"") -> 41.664286 | T14: =IFERROR(C14/Q14,"") | U14: =IFERROR(C14/R14,"") -> 145.825 | V14: =IFERROR(Q14/P14,"") -> 0 | W14: =IFERROR(R14/Q14,"") | X14: 15 | Y14: No raw export parsed for this platform this period.
A15: 46280 | B15: Zoominfo | F15: =IFERROR(E15/D15,"") | H15: =IFERROR(INDEX('Platform Settings'!$E:$E,MATCH(B15,'Platform Settings'!$A:$A,0))*X15,"N/A") -> N/A | I15: =IF(ISNUMBER(H15),IFERROR(G15/H15,""),"N/A") -> N/A | K15: =IFERROR(INDEX('Platform Settings'!$F:$F,MATCH(B15,'Platform Settings'!$A:$A,0)),"N/A") -> 0 | L15: =IF(ISNUMBER(K15),IFERROR(J15/K15,""),"N/A") -> N/A | S15: =IFERROR(C15/P15,"") | T15: =IFERROR(C15/Q15,"") | U15: =IFERROR(C15/R15,"") | V15: =IFERROR(Q15/P15,"") | W15: =IFERROR(R15/Q15,"") | X15: 15 | Y15: No raw export parsed for this platform this period.
A16: 46280 | B16: Referred | C16: 250 | F16: =IFERROR(E16/D16,"") | H16: =IFERROR(INDEX('Platform Settings'!$E:$E,MATCH(B16,'Platform Settings'!$A:$A,0))*X16,"N/A") -> N/A | I16: =IF(ISNUMBER(H16),IFERROR(G16/H16,""),"N/A") -> N/A | K16: =IFERROR(INDEX('Platform Settings'!$F:$F,MATCH(B16,'Platform Settings'!$A:$A,0)),"N/A") -> Commission basis | L16: =IF(ISNUMBER(K16),IFERROR(J16/K16,""),"N/A") -> N/A | P16: 6 | R16: 1 | S16: =IFERROR(C16/P16,"") -> 41.666667 | T16: =IFERROR(C16/Q16,"") | U16: =IFERROR(C16/R16,"") -> 250 | V16: =IFERROR(Q16/P16,"") -> 0 | W16: =IFERROR(R16/Q16,"") | X16: 15 | Y16: No raw export parsed for this platform this period.

Sheet Recruiter Activity
A1: Recruiter Activity — auto-populated from the pipeline; do not hand-edit
A3: Period Ending | B3: Platform | C3: Recruiter | D3: Active This Period? | E3: Searches | F3: Profiles Viewed | G3: Outreach Sent | H3: Responses Received | I3: Data Scope | J3: Notes
A4: 46280 | B4: DocCafe | C4: Deepak Sharma | D4: No | H4: 0 | I4: This period only (first observation, no prior data to diff) | J4: Active days (cumulative): 33
A5: 46280 | B5: DocCafe | C5: HonorVet Team | D5: No | H5: 0 | I5: This period only (first observation, no prior data to diff) | J5: Active days (cumulative): 37
A6: 46280 | B6: DocCafe | C6: Shailesh Singh | D6: No | H6: 0 | I6: This period only (first observation, no prior data to diff) | J6: Active days (cumulative): 30
A7: 46280 | B7: Indeed | C7: alliedteam@honorvet.com | D7: No | I7: This period only (first observation, no prior data to diff) | J7: Subscription: Professional
A8: 46280 | B8: Indeed | C8: Isha | D8: No | I8: This period only (first observation, no prior data to diff) | J8: Subscription: Professional
A9: 46280 | B9: Indeed | C9: Nikshep | D9: No | I9: This period only (first observation, no prior data to diff) | J9: Subscription: Trial
A10: 46280 | B10: Indeed | C10: shana.taylor@honorvettech.com | D10: No | I10: This period only (first observation, no prior data to diff) | J10: Subscription: Standard
A11: 46280 | B11: LinkedIn | C11: Ajay T. (1595010518) | D11: No | I11: This period only (first observation, no prior data to diff) | J11: Active days (cumulative): 72.0
A12: 46280 | B12: LinkedIn | C12: Suraj Kumar (1595588480) | D12: No | I12: This period only (first observation, no prior data to diff) | J12: Active days (cumulative): 103.0
A13: 46280 | B13: LinkedIn | C13: Aksham Thakur (1603269395) | D13: No | I13: This period only (first observation, no prior data to diff) | J13: Active days (cumulative): 37.0
A14: 46280 | B14: LinkedIn | C14: Deepak Sharma (1595590410) | D14: No | I14: This period only (first observation, no prior data to diff) | J14: Active days (cumulative): 96.0
A15: 46280 | B15: LinkedIn | C15: Rajnish Kumar (1603863434) | D15: No | I15: This period only (first observation, no prior data to diff) | J15: Active days (cumulative): 52.0
A16: 46280 | B16: LinkedIn | C16: SUBHADIP KUNDU (1605063733) | D16: No | I16: This period only (first observation, no prior data to diff) | J16: Active days (cumulative): 32.0
A17: 46280 | B17: LinkedIn | C17: Ashi Mittal (1604081310) | D17: No | I17: This period only (first observation, no prior data to diff) | J17: Active days (cumulative): 30.0
A18: 46280 | B18: LinkedIn | C18: Navneet Kaur (1603021747) | D18: No | I18: This period only (first observation, no prior data to diff) | J18: Active days (cumulative): 52.0
... A99: 46280 | B99: LinkedIn | C99: Gursimran Singh (1609018816) | D99: No | I99: This period only (first observation, no prior data to diff) | J99: Active days (cumulative): 3.0
A100: 46280 | B100: Resume-Library | C100: Shana Taylor | D100: No | E100: 0 | F100: 0 | G100: 0 | H100: 0 | I100: This period only | J100: Downloads: 0.0
A101: 46280 | B101: Resume-Library | C101: Polly Kay | D101: No | E101: 0 | F101: 0 | G101: 0 | H101: 0 | I101: This period only | J101: Downloads: 0.0
A102: 46280 | B102: Resume-Library | C102: Ravi Bhambri | D102: Yes | E102: 3 | F102: 616 | G102: 431 | H102: 0 | I102: This period only | J102: Downloads: 0.0
A103: 46280 | B103: SignalHire | C103: miles basson | D103: Yes | E103: 23 | F103: 0 | G103: 18 | H103: 15 | I103: This period only | J103: September 2026 clicks; account: Account 1; email: miles.basson@honorvettech.com
A104: 46280 | B104: SignalHire | C104: sage parker | D104: Yes | E104: 16 | F104: 0 | G104: 14 | H104: 14 | I104: This period only | J104: September 2026 clicks; account: Account 1; email: sage.parker@honorvettech.com
A105: 46280 | B105: SignalHire | C105: Suraj kumar | D105: Yes | E105: 67 | F105: 0 | G105: 63 | H105: 55 | I105: This period only | J105: September 2026 clicks; account: Account 1; email: Suraj.kumar@honorvet.com
A106: 46280 | B106: SignalHire | C106: ashi mittal | D106: Yes | E106: 13 | F106: 0 | G106: 12 | H106: 10 | I106: This period only | J106: September 2026 clicks; account: Account 1; email: ashi.mittal@honorvet.com
A107: 46280 | B107: SignalHire | C107: Aksham kumar | D107: Yes | E107: 64 | F107: 0 | G107: 60 | H107: 43 | I107: This period only | J107: September 2026 clicks; account: Account 1; email: aksham.kumar@honorvet.com
A108: 46280 | B108: SignalHire | C108: deepak sharma1 | D108: Yes | E108: 664 | F108: 0 | G108: 623 | H108: 533 | I108: This period only | J108: September 2026 clicks; account: Account 1; email: deepak.sharma1@honorvet.com
A109: 46280 | B109: SignalHire | C109: gunjan sharma1 | D109: Yes | E109: 112 | F109: 0 | G109: 89 | H109: 71 | I109: This period only | J109: September 2026 clicks; account: Account 1; email: gunjan.sharma1@honorvet.com
A110: 46280 | B110: SignalHire | C110: paula scott | D110: Yes | E110: 15 | F110: 0 | G110: 14 | H110: 14 | I110: This period only | J110: September 2026 clicks; account: Account 1; email: paula.scott@honorvettech.com
A111: 46280 | B111: SignalHire | C111: shailesh singh1 | D111: Yes | E111: 28 | F111: 0 | G111: 24 | H111: 22 | I111: This period only | J111: September 2026 clicks; account: Account 1; email: shailesh.singh1@honorvet.com
... A214: 46280 | B214: Vivian | C214: Harshita Sachdeva | D214: No | E214: 0 | F214: 0 | G214: 0 | H214: 0 | I214: This period only | J214: Proposal cap: 50.0/wk; Status: Enabled; Resp rate: 1; Resp time: 5m

Sheet Recruiter Summary
A1: Recruiter Summary — auto-calculated across all periods (no manual entry)
A3: Platform | B3: Recruiter | C3: Periods Logged | D3: Total Searches | E3: Total Profiles Viewed | F3: Total Outreach Sent | G3: Total Responses | H3: Response Rate
A4: DocCafe | B4: Deepak Sharma | C4: =COUNTIFS('Recruiter Activity'!$B$4:$B$804,A4,'Recruiter Activity'!$C$4:$C$804,B4) -> 1 | D4: =SUMIFS('Recruiter Activity'!$E$4:$E$804,'Recruiter Activity'!$B$4:$B$804,A4,'Recruiter Activity'!$C$4:$C$804,B4) -> 0 | E4: =SUMIFS('Recruiter Activity'!$F$4:$F$804,'Recruiter Activity'!$B$4:$B$804,A4,'Recruiter Activity'!$C$4:$C$804,B4) -> 0 | F4: =SUMIFS('Recruiter Activity'!$G$4:$G$804,'Recruiter Activity'!$B$4:$B$804,A4,'Recruiter Activity'!$C$4:$C$804,B4) -> 0 | G4: =SUMIFS('Recruiter Activity'!$H$4:$H$804,'Recruiter Activity'!$B$4:$B$804,A4,'Recruiter Activity'!$C$4:$C$804,B4) -> 0 | H4: =IFERROR(G4/F4,"")
A5: DocCafe | B5: HonorVet Team | C5: =COUNTIFS('Recruiter Activity'!$B$4:$B$804,A5,'Recruiter Activity'!$C$4:$C$804,B5) -> 1 | D5: =SUMIFS('Recruiter Activity'!$E$4:$E$804,'Recruiter Activity'!$B$4:$B$804,A5,'Recruiter Activity'!$C$4:$C$804,B5) -> 0 | E5: =SUMIFS('Recruiter Activity'!$F$4:$F$804,'Recruiter Activity'!$B$4:$B$804,A5,'Recruiter Activity'!$C$4:$C$804,B5) -> 0 | F5: =SUMIFS('Recruiter Activity'!$G$4:$G$804,'Recruiter Activity'!$B$4:$B$804,A5,'Recruiter Activity'!$C$4:$C$804,B5) -> 0 | G5: =SUMIFS('Recruiter Activity'!$H$4:$H$804,'Recruiter Activity'!$B$4:$B$804,A5,'Recruiter Activity'!$C$4:$C$804,B5) -> 0 | H5: =IFERROR(G5/F5,"")
A6: DocCafe | B6: Shailesh Singh | C6: =COUNTIFS('Recruiter Activity'!$B$4:$B$804,A6,'Recruiter Activity'!$C$4:$C$804,B6) -> 1 | D6: =SUMIFS('Recruiter Activity'!$E$4:$E$804,'Recruiter Activity'!$B$4:$B$804,A6,'Recruiter Activity'!$C$4:$C$804,B6) -> 0 | E6: =SUMIFS('Recruiter Activity'!$F$4:$F$804,'Recruiter Activity'!$B$4:$B$804,A6,'Recruiter Activity'!$C$4:$C$804,B6) -> 0 | F6: =SUMIFS('Recruiter Activity'!$G$4:$G$804,'Recruiter Activity'!$B$4:$B$804,A6,'Recruiter Activity'!$C$4:$C$804,B6) -> 0 | G6: =SUMIFS('Recruiter Activity'!$H$4:$H$804,'Recruiter Activity'!$B$4:$B$804,A6,'Recruiter Activity'!$C$4:$C$804,B6) -> 0 | H6: =IFERROR(G6/F6,"")
A7: Indeed | B7: alliedteam@honorvet.com | C7: =COUNTIFS('Recruiter Activity'!$B$4:$B$804,A7,'Recruiter Activity'!$C$4:$C$804,B7) -> 1 | D7: =SUMIFS('Recruiter Activity'!$E$4:$E$804,'Recruiter Activity'!$B$4:$B$804,A7,'Recruiter Activity'!$C$4:$C$804,B7) -> 0 | E7: =SUMIFS('Recruiter Activity'!$F$4:$F$804,'Recruiter Activity'!$B$4:$B$804,A7,'Recruiter Activity'!$C$4:$C$804,B7) -> 0 | F7: =SUMIFS('Recruiter Activity'!$G$4:$G$804,'Recruiter Activity'!$B$4:$B$804,A7,'Recruiter Activity'!$C$4:$C$804,B7) -> 0 | G7: =SUMIFS('Recruiter Activity'!$H$4:$H$804,'Recruiter Activity'!$B$4:$B$804,A7,'Recruiter Activity'!$C$4:$C$804,B7) -> 0 | H7: =IFERROR(G7/F7,"")
A8: Indeed | B8: Isha | C8: =COUNTIFS('Recruiter Activity'!$B$4:$B$804,A8,'Recruiter Activity'!$C$4:$C$804,B8) -> 1 | D8: =SUMIFS('Recruiter Activity'!$E$4:$E$804,'Recruiter Activity'!$B$4:$B$804,A8,'Recruiter Activity'!$C$4:$C$804,B8) -> 0 | E8: =SUMIFS('Recruiter Activity'!$F$4:$F$804,'Recruiter Activity'!$B$4:$B$804,A8,'Recruiter Activity'!$C$4:$C$804,B8) -> 0 | F8: =SUMIFS('Recruiter Activity'!$G$4:$G$804,'Recruiter Activity'!$B$4:$B$804,A8,'Recruiter Activity'!$C$4:$C$804,B8) -> 0 | G8: =SUMIFS('Recruiter Activity'!$H$4:$H$804,'Recruiter Activity'!$B$4:$B$804,A8,'Recruiter Activity'!$C$4:$C$804,B8) -> 0 | H8: =IFERROR(G8/F8,"")
A9: Indeed | B9: Nikshep | C9: =COUNTIFS('Recruiter Activity'!$B$4:$B$804,A9,'Recruiter Activity'!$C$4:$C$804,B9) -> 1 | D9: =SUMIFS('Recruiter Activity'!$E$4:$E$804,'Recruiter Activity'!$B$4:$B$804,A9,'Recruiter Activity'!$C$4:$C$804,B9) -> 0 | E9: =SUMIFS('Recruiter Activity'!$F$4:$F$804,'Recruiter Activity'!$B$4:$B$804,A9,'Recruiter Activity'!$C$4:$C$804,B9) -> 0 | F9: =SUMIFS('Recruiter Activity'!$G$4:$G$804,'Recruiter Activity'!$B$4:$B$804,A9,'Recruiter Activity'!$C$4:$C$804,B9) -> 0 | G9: =SUMIFS('Recruiter Activity'!$H$4:$H$804,'Recruiter Activity'!$B$4:$B$804,A9,'Recruiter Activity'!$C$4:$C$804,B9) -> 0 | H9: =IFERROR(G9/F9,"")
A10: Indeed | B10: shana.taylor@honorvettech.com | C10: =COUNTIFS('Recruiter Activity'!$B$4:$B$804,A10,'Recruiter Activity'!$C$4:$C$804,B10) -> 1 | D10: =SUMIFS('Recruiter Activity'!$E$4:$E$804,'Recruiter Activity'!$B$4:$B$804,A10,'Recruiter Activity'!$C$4:$C$804,B10) -> 0 | E10: =SUMIFS('Recruiter Activity'!$F$4:$F$804,'Recruiter Activity'!$B$4:$B$804,A10,'Recruiter Activity'!$C$4:$C$804,B10) -> 0 | F10: =SUMIFS('Recruiter Activity'!$G$4:$G$804,'Recruiter Activity'!$B$4:$B$804,A10,'Recruiter Activity'!$C$4:$C$804,B10) -> 0 | G10: =SUMIFS('Recruiter Activity'!$H$4:$H$804,'Recruiter Activity'!$B$4:$B$804,A10,'Recruiter Activity'!$C$4:$C$804,B10) -> 0 | H10: =IFERROR(G10/F10,"")
A11: LinkedIn | B11: Ajay T. (1595010518) | C11: =COUNTIFS('Recruiter Activity'!$B$4:$B$804,A11,'Recruiter Activity'!$C$4:$C$804,B11) -> 1 | D11: =SUMIFS('Recruiter Activity'!$E$4:$E$804,'Recruiter Activity'!$B$4:$B$804,A11,'Recruiter Activity'!$C$4:$C$804,B11) -> 0 | E11: =SUMIFS('Recruiter Activity'!$F$4:$F$804,'Recruiter Activity'!$B$4:$B$804,A11,'Recruiter Activity'!$C$4:$C$804,B11) -> 0 | F11: =SUMIFS('Recruiter Activity'!$G$4:$G$804,'Recruiter Activity'!$B$4:$B$804,A11,'Recruiter Activity'!$C$4:$C$804,B11) -> 0 | G11: =SUMIFS('Recruiter Activity'!$H$4:$H$804,'Recruiter Activity'!$B$4:$B$804,A11,'Recruiter Activity'!$C$4:$C$804,B11) -> 0 | H11: =IFERROR(G11/F11,"")
A12: LinkedIn | B12: Suraj Kumar (1595588480) | C12: =COUNTIFS('Recruiter Activity'!$B$4:$B$804,A12,'Recruiter Activity'!$C$4:$C$804,B12) -> 1 | D12: =SUMIFS('Recruiter Activity'!$E$4:$E$804,'Recruiter Activity'!$B$4:$B$804,A12,'Recruiter Activity'!$C$4:$C$804,B12) -> 0 | E12: =SUMIFS('Recruiter Activity'!$F$4:$F$804,'Recruiter Activity'!$B$4:$B$804,A12,'Recruiter Activity'!$C$4:$C$804,B12) -> 0 | F12: =SUMIFS('Recruiter Activity'!$G$4:$G$804,'Recruiter Activity'!$B$4:$B$804,A12,'Recruiter Activity'!$C$4:$C$804,B12) -> 0 | G12: =SUMIFS('Recruiter Activity'!$H$4:$H$804,'Recruiter Activity'!$B$4:$B$804,A12,'Recruiter Activity'!$C$4:$C$804,B12) -> 0 | H12: =IFERROR(G12/F12,"")
A13: LinkedIn | B13: Aksham Thakur (1603269395) | C13: =COUNTIFS('Recruiter Activity'!$B$4:$B$804,A13,'Recruiter Activity'!$C$4:$C$804,B13) -> 1 | D13: =SUMIFS('Recruiter Activity'!$E$4:$E$804,'Recruiter Activity'!$B$4:$B$804,A13,'Recruiter Activity'!$C$4:$C$804,B13) -> 0 | E13: =SUMIFS('Recruiter Activity'!$F$4:$F$804,'Recruiter Activity'!$B$4:$B$804,A13,'Recruiter Activity'!$C$4:$C$804,B13) -> 0 | F13: =SUMIFS('Recruiter Activity'!$G$4:$G$804,'Recruiter Activity'!$B$4:$B$804,A13,'Recruiter Activity'!$C$4:$C$804,B13) -> 0 | G13: =SUMIFS('Recruiter Activity'!$H$4:$H$804,'Recruiter Activity'!$B$4:$B$804,A13,'Recruiter Activity'!$C$4:$C$804,B13) -> 0 | H13: =IFERROR(G13/F13,"")
A14: LinkedIn | B14: Deepak Sharma (1595590410) | C14: =COUNTIFS('Recruiter Activity'!$B$4:$B$804,A14,'Recruiter Activity'!$C$4:$C$804,B14) -> 1 | D14: =SUMIFS('Recruiter Activity'!$E$4:$E$804,'Recruiter Activity'!$B$4:$B$804,A14,'Recruiter Activity'!$C$4:$C$804,B14) -> 0 | E14: =SUMIFS('Recruiter Activity'!$F$4:$F$804,'Recruiter Activity'!$B$4:$B$804,A14,'Recruiter Activity'!$C$4:$C$804,B14) -> 0 | F14: =SUMIFS('Recruiter Activity'!$G$4:$G$804,'Recruiter Activity'!$B$4:$B$804,A14,'Recruiter Activity'!$C$4:$C$804,B14) -> 0 | G14: =SUMIFS('Recruiter Activity'!$H$4:$H$804,'Recruiter Activity'!$B$4:$B$804,A14,'Recruiter Activity'!$C$4:$C$804,B14) -> 0 | H14: =IFERROR(G14/F14,"")
A15: LinkedIn | B15: Rajnish Kumar (1603863434) | C15: =COUNTIFS('Recruiter Activity'!$B$4:$B$804,A15,'Recruiter Activity'!$C$4:$C$804,B15) -> 1 | D15: =SUMIFS('Recruiter Activity'!$E$4:$E$804,'Recruiter Activity'!$B$4:$B$804,A15,'Recruiter Activity'!$C$4:$C$804,B15) -> 0 | E15: =SUMIFS('Recruiter Activity'!$F$4:$F$804,'Recruiter Activity'!$B$4:$B$804,A15,'Recruiter Activity'!$C$4:$C$804,B15) -> 0 | F15: =SUMIFS('Recruiter Activity'!$G$4:$G$804,'Recruiter Activity'!$B$4:$B$804,A15,'Recruiter Activity'!$C$4:$C$804,B15) -> 0 | G15: =SUMIFS('Recruiter Activity'!$H$4:$H$804,'Recruiter Activity'!$B$4:$B$804,A15,'Recruiter Activity'!$C$4:$C$804,B15) -> 0 | H15: =IFERROR(G15/F15,"")
... A214: Vivian | B214: Harshita Sachdeva | C214: =COUNTIFS('Recruiter Activity'!$B$4:$B$804,A214,'Recruiter Activity'!$C$4:$C$804,B214) -> 1 | D214: =SUMIFS('Recruiter Activity'!$E$4:$E$804,'Recruiter Activity'!$B$4:$B$804,A214,'Recruiter Activity'!$C$4:$C$804,B214) -> 0 | E214: =SUMIFS('Recruiter Activity'!$F$4:$F$804,'Recruiter Activity'!$B$4:$B$804,A214,'Recruiter Activity'!$C$4:$C$804,B214) -> 0 | F214: =SUMIFS('Recruiter Activity'!$G$4:$G$804,'Recruiter Activity'!$B$4:$B$804,A214,'Recruiter Activity'!$C$4:$C$804,B214) -> 0 | G214: =SUMIFS('Recruiter Activity'!$H$4:$H$804,'Recruiter Activity'!$B$4:$B$804,A214,'Recruiter Activity'!$C$4:$C$804,B214) -> 0 | H214: =IFERROR(G214/F214,"")
